Date;Interview_location_latitude;Interview_location__longitude;Respondent Age;Educational Level;Primary Livelihood;Observed Land Use Change (Past 20 years);Main Driver of Change;Key Pressures on Habitat;_index
Monday, 22 December 2025;-3,377236309;29.35025007;34;Secondary education;Crop agriculture;Forest loss/deforestation;Population pressure/growth;Overfishing Water pollution Soil pollution Sedimentation/siltation Soil erosion Invasive species Waste dumping Deforestation Climate change impacts;1
Monday, 22 December 2025;-3.387962665;29.35025007;30;Primary education;Crop agriculture;Settlement expansion;Population pressure/growth;Soil pollution Sedimentation/siltation Soil erosion Deforestation Invasive species Climate change impacts;2
Monday, 22 December 2025;-3.387962665;29.35025007;53;Secondary education;Wage labor;Wetland degradation/drainage;Agricultural expansion;Climate change impacts Soil pollution Sedimentation/siltation Soil erosion Deforestation;3
Monday, 22 December 2025;-3.387962665;29.35025007;42;Primary education;Trade/commerce;Agricultural expansion;Population pressure/growth;Deforestation Soil erosion Sedimentation/siltation Climate change impacts;4
Monday, 22 December 2025;-3.387962665;29.35025007;27;Secondary education;Wage labor;Forest loss/deforestation;Population pressure/growth;Sedimentation/siltation Soil erosion Deforestation Climate change impacts;5
Monday, 22 December 2025;-3.387962665;29.35025007;25;Secondary education;Crop agriculture;Forest loss/deforestation;Population pressure/growth;Deforestation Soil erosion Sedimentation/siltation Soil pollution;6
Monday, 22 December 2025;-3.387962665;29.35025007;67;Primary education;Crop agriculture;Agricultural expansion;Agricultural expansion;Sedimentation/siltation Soil erosion Deforestation Climate change impacts;7
Monday, 22 December 2025;-3.387962665;29.35025007;47;Secondary education;Trade/commerce;Forest loss/deforestation;Population pressure/growth;Soil erosion Sedimentation/siltation Deforestation;8
Monday, 22 December 2025;-3.387962665;29.35025007;58;Primary education;Crop agriculture;Agricultural expansion;Population pressure/growth;Deforestation Soil erosion Sedimentation/siltation Climate change impacts;9
Monday, 22 December 2025;-3.387962665;29.35025007;31;No formal schooling;Crop agriculture;Forest loss/deforestation;Population pressure/growth;Overfishing Water pollution Waste dumping Soil erosion Agricultural chemicals;10
Monday, 22 December 2025;-3.387962665;29.35025007;53;Primary education;Crop agriculture;Forest loss/deforestation;Agricultural expansion;Agricultural chemicals Deforestation;11
Monday, 22 December 2025;-3.387962665;29.35025007;20;Primary education;Crop agriculture;Forest loss/deforestation;Population pressure/growth;Deforestation;12
Monday, 22 December 2025;-3.387962665;29.35025007;32;Tertiary education;Wage labor;Forest loss/deforestation;Agricultural expansion;Deforestation;13
Monday, 22 December 2025;-3.387962665;29.35025007;36;Secondary education;Wage labor;Forest loss/deforestation;Population pressure/growth;Deforestation;14
Monday, 22 December 2025;-3.387962665;29.35025007;32;Primary education;Crop agriculture;Forest loss/deforestation;Population pressure/growth;Deforestation;15
Monday, 22 December 2025;-3.387962665;29.35025007;28;Primary education;Trade/commerce;Forest loss/deforestation;Population pressure/growth;Deforestation;16
Monday, 22 December 2025;-3.387962665;29.35025007;30;Primary education;Crop agriculture;Forest loss/deforestation;Agricultural expansion;Deforestation;17
Monday, 22 December 2025;-3.387962665;29.35025007;24;Secondary education;Wage labor;Forest loss/deforestation;Agricultural expansion;Deforestation;18
Monday, 22 December 2025;-3.387962665;29.35025007;34;No formal schooling;Fishing;Forest loss/deforestation;Agricultural expansion;Deforestation;19
Monday, 22 December 2025;-3.387962665;29.35025007;28;Secondary education;Fishing;Forest loss/deforestation;Population pressure/growth;Deforestation;20
Monday, 22 December 2025;-3.377236309;29.35650256;24;Tertiary education;Wage labor;Forest loss/deforestation;Population pressure/growth;Deforestation;21
Monday, 22 December 2025;-3.377236309;29.35650256;25;Primary education;Crop agriculture;Forest loss/deforestation;Population pressure/growth;Deforestation;22
Monday, 22 December 2025;-3.377236309;29.35650256;26;No formal schooling;Crop agriculture;Forest loss/deforestation;Agricultural expansion;Deforestation;23
Monday, 22 December 2025;-3.377236309;29.35650256;47;Secondary education;Wage labor;Forest loss/deforestation;Agricultural expansion;Deforestation;24
Monday, 22 December 2025;-3.377236309;29.35650256;60;No formal schooling;Fishing;Forest loss/deforestation;Population pressure/growth;Deforestation;25
Monday, 22 December 2025;-3.377236309;29.35650256;31;Primary education;Crop agriculture;Agricultural expansion;Poverty/livelihood needs;Overgrazing Soil erosion Water pollution Fire Sedimentation/siltation Deforestation;26
Monday, 22 December 2025;-3.377236309;29.35650256;47;No formal schooling;Crop agriculture;Forest loss/deforestation;Agricultural expansion;Sedimentation/siltation Invasive species Soil erosion;27
Monday, 22 December 2025;-3.377236309;29.35650256;37;Primary education;Trade/commerce;Agricultural expansion;Population pressure/growth;Agricultural chemicals Soil pollution Deforestation;28
Monday, 22 December 2025;-3.377236309;29.35650256;49;Primary education;Crop agriculture;Agricultural expansion;Population pressure/growth;Sedimentation/siltation Water pollution Deforestation;29
Monday, 22 December 2025;-3.377236309;29.35650256;50;Primary education;Crop agriculture;Agricultural expansion;Population pressure/growth;Soil pollution Sedimentation/siltation Deforestation;30
Monday, 22 December 2025;-3.377236309;29.35650256;52;No formal schooling;Crop agriculture;Agricultural expansion;Population pressure/growth;Soil erosion Agricultural chemicals Climate change impacts;31
Monday, 22 December 2025;-3.377236309;29.35650256;34;No formal schooling;Fishing;Agricultural expansion;Population pressure/growth;Soil pollution Sedimentation/siltation Soil erosion;32
Monday, 22 December 2025;-3.377236309;29.35650256;36;Tertiary education;Wage labor;Forest loss/deforestation;Population pressure/growth;Soil pollution Soil erosion Sedimentation/siltation;33
Monday, 22 December 2025;-3.377236309;29.35650256;72;Secondary education;Crop agriculture;Forest loss/deforestation;Population pressure/growth;Sedimentation/siltation Soil erosion Deforestation Water pollution;34
Monday, 22 December 2025;-3.377236309;29.35650256;62;Secondary education;Trade/commerce;Wetland degradation/drainage;Population pressure/growth;Sedimentation/siltation Fire Deforestation;35
Tuesday, 23 December 2025;-3.377236309;29.35650256;59;Primary education;Trade/commerce;Forest loss/deforestation;Population pressure/growth;Invasive species Soil erosion Soil pollution;36
Tuesday, 23 December 2025;-3.377236309;29.35650256;51;Tertiary education;Wage labor;Agricultural expansion;Population pressure/growth;Soil pollution Deforestation Sedimentation/siltation;37
Tuesday, 23 December 2025;-3.377236309;29.35650256;32;Primary education;Crop agriculture;Agricultural expansion;Agricultural expansion;Deforestation Soil pollution Sedimentation/siltation;38
Tuesday, 23 December 2025;-3.377236309;29.35650256;69;Tertiary education;Wage labor;Forest loss/deforestation;Population pressure/growth;Water pollution;39
Tuesday, 23 December 2025;-3.377236309;29.35650256;26;Secondary education;Wage labor;Forest loss/deforestation;Agricultural expansion;Water pollution;40
Tuesday, 23 December 2025;-4.027389366;29.51708266;30;Primary education;Crop agriculture;Forest loss/deforestation;Population pressure/growth;Water pollution;41
Tuesday, 23 December 2025;-4.027389366;29.51708266;35;No formal schooling;Crop agriculture;Forest loss/deforestation;Agricultural expansion;Water pollution;42
Tuesday, 23 December 2025;-4.027389366;29.51708266;32;Primary education;Trade/commerce;Forest loss/deforestation;Agricultural expansion;Water pollution;43
Tuesday, 23 December 2025;-4.027389366;29.51708266;40;Secondary education;Wage labor;Forest loss/deforestation;Agricultural expansion;Water pollution;44
Tuesday, 23 December 2025;-4.027389366;29.51708266;27;Primary education;Crop agriculture;Forest loss/deforestation;Population pressure/growth;Water pollution;45
Tuesday, 23 December 2025;-4.027389366;29.51708266;50;No formal schooling;Crop agriculture;Agricultural expansion;Agricultural expansion;Water pollution Sedimentation/siltation Soil pollution;46
Tuesday, 23 December 2025;-4.027389366;29.51708266;34;No formal schooling;Crop agriculture;Agricultural expansion;Population pressure/growth;Soil pollution Soil erosion Waste dumping Fire;47
Tuesday, 23 December 2025;-4.027389366;29.51708266;30;Tertiary education;Wage labor;Agricultural expansion;Population pressure/growth;Waste dumping Fire Soil erosion;48
Tuesday, 23 December 2025;-4.027389366;29.51708266;50;Secondary education;Crop agriculture;Agricultural expansion;Population pressure/growth;Waste dumping Soil erosion Fire;49
Tuesday, 23 December 2025;-4.027389366;29.51708266;41;No formal schooling;Crop agriculture;Forest loss/deforestation;Population pressure/growth;Soil pollution Soil erosion Waste dumping;50
Tuesday, 23 December 2025;-4.027389366;29.51708266;31;Primary education;Crop agriculture;Forest loss/deforestation;Population pressure/growth;Deforestation Fire;51
Tuesday, 23 December 2025;-4.027389366;29.51708266;30;Secondary education;Wage labor;Settlement expansion;Population pressure/growth;Deforestation Climate change impacts;52
Tuesday, 23 December 2025;-4.027389366;29.51708266;28;Secondary education;Crop agriculture;Forest loss/deforestation;Population pressure/growth;Deforestation Climate change impacts;53
Tuesday, 23 December 2025;-4.027389366;29.51708266;45;Secondary education;Crop agriculture;Forest loss/deforestation;Population pressure/growth;Deforestation Climate change impacts;54
Tuesday, 23 December 2025;-4.027389366;29.51708266;56;No formal schooling;Crop agriculture;Forest loss/deforestation;Population pressure/growth;Climate change impacts Fire Deforestation;55
Tuesday, 23 December 2025;-4.027389366;29.51708266;31;No formal schooling;Crop agriculture;Settlement expansion;Agricultural expansion;Deforestation;56
Tuesday, 23 December 2025;-4.027389366;29.51708266;70;Primary education;Crop agriculture;Settlement expansion;Agricultural expansion;Water pollution;57
Tuesday, 23 December 2025;-4.027389366;29.51708266;55;Primary education;Crop agriculture;Forest loss/deforestation;Agricultural expansion;Deforestation;58
Tuesday, 23 December 2025;-4.027389366;29.51708266;35;Primary education;Crop agriculture;Forest loss/deforestation;Population pressure/growth;Climate change impacts Sedimentation/siltation Soil erosion Deforestation;59
Tuesday, 23 December 2025;-4.027389366;29.51708266;44;No formal schooling;Crop agriculture;Settlement expansion;Population pressure/growth;Deforestation Climate change impacts;60
Tuesday, 23 December 2025;-4.044818966;29.52282017;58;Secondary education;Crop agriculture;Forest loss/deforestation;Population pressure/growth;Deforestation Climate change impacts;61
Tuesday, 23 December 2025;-4.044818966;29.52282017;42;Primary education;Crop agriculture;Forest loss/deforestation;Population pressure/growth;Deforestation Climate change impacts;62
Tuesday, 23 December 2025;-4.044818966;29.52282017;47;Primary education;Trade/commerce;Forest loss/deforestation;Population pressure/growth;Deforestation Soil erosion Sedimentation/siltation Climate change impacts;63
Tuesday, 23 December 2025;-4.044818966;29.52282017;39;Primary education;Crop agriculture;Forest loss/deforestation;Population pressure/growth;Soil erosion Sedimentation/siltation Deforestation Overgrazing Climate change impacts;64
Tuesday, 23 December 2025;-4.044818966;29.52282017;33;Secondary education;Wage labor;Forest loss/deforestation;Population pressure/growth;Deforestation Soil erosion Sedimentation/siltation Climate change impacts;65
Tuesday, 23 December 2025;-4.044818966;29.52282017;56;Secondary education;Trade/commerce;Forest loss/deforestation;Population pressure/growth;Climate change impacts Fire Deforestation Soil erosion Sedimentation/siltation;66
Tuesday, 23 December 2025;-4.044818966;29.52282017;42;Primary education;Crop agriculture;Forest loss/deforestation;Population pressure/growth;Climate change impacts Fire Deforestation Soil erosion Sedimentation/siltation Overgrazing;67
Tuesday, 23 December 2025;-4.044818966;29.52282017;27;Secondary education;Wage labor;Forest loss/deforestation;Population pressure/growth;Sedimentation/siltation Soil erosion Deforestation Climate change impacts Fire;68
Tuesday, 23 December 2025;-4.044818966;29.52282017;72;Secondary education;Crop agriculture;Forest loss/deforestation;Population pressure/growth;Climate change impacts Fire Soil erosion Sedimentation/siltation Deforestation;69
Tuesday, 23 December 2025;-4.044818966;29.52282017;24;Primary education;Crop agriculture;Forest loss/deforestation;Population pressure/growth;Soil erosion Sedimentation/siltation Deforestation Climate change impacts Fire;70
Tuesday, 23 December 2025;-4.044818966;29.52282017;51;Primary education;Trade/commerce;Forest loss/deforestation;Population pressure/growth;Climate change impacts Fire Deforestation Soil erosion;71
Tuesday, 23 December 2025;-4.044818966;29.52282017;34;Tertiary education;Wage labor;Forest loss/deforestation;Population pressure/growth;Climate change impacts Deforestation;72
Tuesday, 23 December 2025;-4.044818966;29.52282017;31;No formal schooling;Crop agriculture;Forest loss/deforestation;Population pressure/growth;Deforestation Fire Climate change impacts;73
Tuesday, 23 December 2025;-4.044818966;29.52282017;35;Secondary education;Wage labor;Settlement expansion;Climate variability;Water pollution;74
Tuesday, 23 December 2025;-4.044818966;29.52282017;56;Secondary education;Crop agriculture;Forest loss/deforestation;Population pressure/growth;Water pollution;75
Tuesday, 23 December 2025;-4.044818966;29.52282017;28;Tertiary education;Wage labor;Forest loss/deforestation;Agricultural expansion;Water pollution;76
Tuesday, 23 December 2025;-4.044818966;29.52282017;44;Secondary education;Trade/commerce;Settlement expansion;Population pressure/growth;Water pollution;77
Tuesday, 23 December 2025;-4.044818966;29.52282017;36;Secondary education;Crop agriculture;Settlement expansion;Agricultural expansion;Water pollution;78
Tuesday, 23 December 2025;-4.044818966;29.52282017;50;Tertiary education;Wage labor;Agricultural expansion;Population pressure/growth;Water pollution;79
Tuesday, 23 December 2025;-4.044818966;29.52282017;25;Secondary education;Wage labor;Settlement expansion;Agricultural expansion;Water pollution;80
Tuesday, 23 December 2025;-3.986931336;29.77508021;26;Tertiary education;Wage labor;Settlement expansion;Population pressure/growth;Water pollution;81
Tuesday, 23 December 2025;-3.986931336;29.77508021;29;Tertiary education;Wage labor;Agricultural expansion;Population pressure/growth;Water pollution;82
Tuesday, 23 December 2025;-3.986931336;29.77508021;27;Secondary education;Fishing;Agricultural expansion;Population pressure/growth;Water pollution;83
Tuesday, 23 December 2025;-3.986931336;29.77508021;47;Secondary education;Crop agriculture;Agricultural expansion;Agricultural expansion;Water pollution;84
Tuesday, 23 December 2025;-3.986931336;29.77508021;30;Secondary education;Crop agriculture;Agricultural expansion;Population pressure/growth;Water pollution;85
Tuesday, 23 December 2025;-3.986931336;29.77508021;32;Secondary education;Crop agriculture;Agricultural expansion;Agricultural expansion;Water pollution;86
Tuesday, 23 December 2025;-3.986931336;29.77508021;30;Tertiary education;Wage labor;Settlement expansion;Population pressure/growth;Waste dumping Sedimentation/siltation Deforestation Water pollution;87
Tuesday, 23 December 2025;-3.986931336;29.77508021;67;Secondary education;Wage labor;Settlement expansion;Population pressure/growth;Sedimentation/siltation Invasive species Fire;88
Tuesday, 23 December 2025;-3.986931336;29.77508021;25;Tertiary education;Wage labor;Settlement expansion;Population pressure/growth;Sedimentation/siltation Deforestation Waste dumping;89
Tuesday, 23 December 2025;-3.986931336;29.77508021;50;Primary education;Crop agriculture;Settlement expansion;Population pressure/growth;Sedimentation/siltation Soil pollution Deforestation;90
Tuesday, 23 December 2025;-3.986931336;29.77508021;47;Tertiary education;Crop agriculture;Agricultural expansion;Population pressure/growth;Deforestation Fire Sedimentation/siltation;91
Tuesday, 23 December 2025;-3.986931336;29.77508021;41;Secondary education;Wage labor;Settlement expansion;Population pressure/growth;Sedimentation/siltation Waste dumping Deforestation;92
Tuesday, 23 December 2025;-3.986931336;29.77508021;37;Tertiary education;Wage labor;Agricultural expansion;Population pressure/growth;Sedimentation/siltation Invasive species Overgrazing;93
Tuesday, 23 December 2025;-3.986931336;29.77508021;52;Secondary education;Wage labor;Agricultural expansion;Population pressure/growth;Soil pollution Sedimentation/siltation Waste dumping;94
Tuesday, 23 December 2025;-3.986931336;29.77508021;40;Secondary education;Crop agriculture;Settlement expansion;Population pressure/growth;Sedimentation/siltation Water pollution Waste dumping;95
Tuesday, 23 December 2025;-3.986931336;29.77508021;34;Secondary education;Crop agriculture;Forest loss/deforestation;Population pressure/growth;Sedimentation/siltation Waste dumping Fire;96
Tuesday, 23 December 2025;-3.986931336;29.77508021;63;Tertiary education;Wage labor;Settlement expansion;Population pressure/growth;Sedimentation/siltation Soil erosion Waste dumping;97
Tuesday, 23 December 2025;-3.986931336;29.77508021;53;No formal schooling;Crop agriculture;Settlement expansion;Population pressure/growth;Fire Deforestation Soil erosion;98
Tuesday, 23 December 2025;-3.986931336;29.77508021;51;No formal schooling;Crop agriculture;Forest loss/deforestation;Population pressure/growth;Climate change impacts Fire Sedimentation/siltation Soil erosion Deforestation;99
Tuesday, 23 December 2025;-3.986931336;29.77508021;29;Tertiary education;Wage labor;Forest loss/deforestation;Population pressure/growth;Climate change impacts Fire Deforestation;100
Tuesday, 23 December 2025;-2.733471531;29.04265642;32;Secondary education;Trade/commerce;Forest loss/deforestation;Agricultural expansion;Climate change impacts Sedimentation/siltation Soil erosion;101
Tuesday, 23 December 2025;-2.733471531;29.04265642;37;No formal schooling;Crop agriculture;Forest loss/deforestation;Agricultural expansion;Climate change impacts Soil erosion;102
Tuesday, 23 December 2025;-2.733471531;29.04265642;29;Primary education;Trade/commerce;Settlement expansion;Population pressure/growth;Climate change impacts Waste dumping Soil erosion;103
Tuesday, 23 December 2025;-2.733471531;29.04265642;31;Secondary education;Fishing;Settlement expansion;Population pressure/growth;Deforestation Soil erosion Sedimentation/siltation Invasive species Climate change impacts Waste dumping;104
Tuesday, 23 December 2025;-2.733471531;29.04265642;27;Secondary education;Trade/commerce;Settlement expansion;Population pressure/growth;Water pollution Deforestation Climate change impacts;105
Tuesday, 23 December 2025;-2.733471531;29.04265642;27;Secondary education;Trade/commerce;Settlement expansion;Population pressure/growth;Climate change impacts Waste dumping Deforestation Soil erosion Sedimentation/siltation;106
Tuesday, 23 December 2025;-2.733471531;29.04265642;33;No formal schooling;Fishing;Forest loss/deforestation;Climate variability;Climate change impacts Deforestation Soil erosion Sedimentation/siltation Overfishing;107
Tuesday, 23 December 2025;-2.733471531;29.04265642;67;No formal schooling;Fishing;Forest loss/deforestation;Population pressure/growth;Climate change impacts Deforestation Soil erosion Sedimentation/siltation Overfishing;108
Tuesday, 23 December 2025;-2.733471531;29.04265642;52;Primary education;Fishing;Forest loss/deforestation;Population pressure/growth;Climate change impacts Waste dumping Soil erosion Sedimentation/siltation Overfishing;109
Tuesday, 23 December 2025;-2.733471531;29.04265642;28;Primary education;Fishing;Wetland degradation/drainage;Agricultural expansion;Climate change impacts Deforestation Soil erosion Sedimentation/siltation Overfishing;110
Tuesday, 23 December 2025;-2.733471531;29.04265642;65;Primary education;Crop agriculture;Forest loss/deforestation;Population pressure/growth;Sedimentation/siltation Soil erosion Deforestation Climate change impacts;111
Tuesday, 23 December 2025;-2.733471531;29.04265642;50;No formal schooling;Fishing;Settlement expansion;Population pressure/growth;Climate change impacts Deforestation Sedimentation/siltation Soil erosion;112
Tuesday, 23 December 2025;-2.733471531;29.04265642;32;Secondary education;Wage labor;Forest loss/deforestation;Agricultural expansion;Climate change impacts Sedimentation/siltation Soil erosion Deforestation;113
Tuesday, 23 December 2025;-2.733471531;29.04265642;28;Primary education;Fishing;Forest loss/deforestation;Population pressure/growth;Climate change impacts Sedimentation/siltation;114
Tuesday, 23 December 2025;-2.733471531;29.04265642;29;Primary education;Fishing;Forest loss/deforestation;Population pressure/growth;Climate change impacts Soil erosion Sedimentation/siltation Deforestation;115
Tuesday, 23 December 2025;-2.733471531;29.04265642;51;Primary education;Fishing;Forest loss/deforestation;Population pressure/growth;Climate change impacts Sedimentation/siltation Soil erosion Deforestation;116
Tuesday, 23 December 2025;-2.733471531;29.04265642;38;Secondary education;Wage labor;Forest loss/deforestation;Population pressure/growth;Climate change impacts Sedimentation/siltation Deforestation;117
Tuesday, 23 December 2025;-2.733471531;29.04265642;27;Secondary education;Fishing;Forest loss/deforestation;Population pressure/growth;Climate change impacts Deforestation Soil erosion Sedimentation/siltation;118
Tuesday, 23 December 2025;-2.733471531;29.04265642;53;Primary education;Crop agriculture;Forest loss/deforestation;Population pressure/growth;Climate change impacts Deforestation Sedimentation/siltation;119
Tuesday, 23 December 2025;-2.733471531;29.04265642;29;Secondary education;Wage labor;Forest loss/deforestation;Agricultural expansion;Climate change impacts Deforestation Sedimentation/siltation Soil erosion;120
Tuesday, 23 December 2025;-2.893573456;29.48137626;37;Secondary education;Wage labor;Forest loss/deforestation;Population pressure/growth;Climate change impacts Sedimentation/siltation Deforestation Soil erosion;121
Wednesday, 24 December 2025;-3.601513417;29.4993582;47;Primary education;Trade/commerce;Forest loss/deforestation;Population pressure/growth;Climate change impacts Deforestation Soil erosion Sedimentation/siltation;122
Wednesday, 24 December 2025;-3.601513417;29.4993582;51;Primary education;Crop agriculture;Forest loss/deforestation;Population pressure/growth;Sedimentation/siltation Soil erosion Climate change impacts Deforestation;123
Wednesday, 24 December 2025;-3.601513417;29.4993582;39;Tertiary education;Wage labor;Forest loss/deforestation;Population pressure/growth;Climate change impacts Soil erosion Deforestation Sedimentation/siltation;124
Wednesday, 24 December 2025;-3.601513417;29.4993582;65;No formal schooling;Crop agriculture;Settlement expansion;Population pressure/growth;Climate change impacts Soil erosion Sedimentation/siltation Deforestation;125
Wednesday, 24 December 2025;-3.601513417;29.4993582;26;Secondary education;Fishing;Wetland degradation/drainage;Population pressure/growth;Sedimentation/siltation Climate change impacts Deforestation;126
Wednesday, 24 December 2025;-3.601513417;29.4993582;27;Secondary education;Crop agriculture;Forest loss/deforestation;Population pressure/growth;Sedimentation/siltation Climate change impacts;127
Wednesday, 24 December 2025;-3.601513417;29.4993582;33;Tertiary education;Wage labor;Forest loss/deforestation;Population pressure/growth;Water pollution Sedimentation/siltation Climate change impacts;128
Wednesday, 24 December 2025;-3.601513417;29.4993582;23;Secondary education;Crop agriculture;Settlement expansion;Population pressure/growth;Climate change impacts Waste dumping Deforestation Sedimentation/siltation Water pollution;129
Wednesday, 24 December 2025;-3.601513417;29.4993582;36;Secondary education;Wage labor;Settlement expansion;Population pressure/growth;Sedimentation/siltation Deforestation Waste dumping Climate change impacts;130
Wednesday, 24 December 2025;-3.601513417;29.4993582;51;Tertiary education;Wage labor;Settlement expansion;Population pressure/growth;Sedimentation/siltation Deforestation Climate change impacts Waste dumping Water pollution;131
Monday, 05 January 2026;-3.391953765;29.37555646;27;Secondary education;Wage labor;Settlement expansion;Population pressure/growth;Climate change impacts Deforestation Waste dumping;132
Monday, 05 January 2026;-3.391953765;29.37555646;31;Tertiary education;Wage labor;Settlement expansion;Population pressure/growth;Waste dumping Climate change impacts Deforestation Sedimentation/siltation Water pollution;133
Monday, 05 January 2026;-3.391953765;29.37555646;37;Tertiary education;Wage labor;Settlement expansion;Population pressure/growth;Climate change impacts Deforestation Water pollution;134
Monday, 05 January 2026;-3.391953765;29.37555646;37;Secondary education;Fishing;Forest loss/deforestation;Population pressure/growth;Deforestation Water pollution Overfishing;135
Monday, 05 January 2026;-3.391953765;29.37555646;23;Secondary education;Crop agriculture;Settlement expansion;Population pressure/growth;Water pollution Deforestation;136
Monday, 05 January 2026;-3.391953765;29.37555646;28;Secondary education;Crop agriculture;Forest loss/deforestation;Population pressure/growth;Water pollution Climate change impacts Deforestation;137
Monday, 05 January 2026;-3.391953765;29.37555646;24;Secondary education;Crop agriculture;Settlement expansion;Population pressure/growth;Climate change impacts Waste dumping Deforestation Sedimentation/siltation Water pollution;138
Monday, 05 January 2026;-3.391953765;29.37555646;32;Tertiary education;Wage labor;Settlement expansion;Population pressure/growth;Water pollution Sedimentation/siltation Deforestation;139
Monday, 05 January 2026;-3.391953765;29.37555646;27;Secondary education;Wage labor;Settlement expansion;Population pressure/growth;Climate change impacts Waste dumping Sedimentation/siltation Deforestation;140
Monday, 05 January 2026;-3.391953765;29.37555646;35;Tertiary education;Wage labor;Settlement expansion;Population pressure/growth;Waste dumping Sedimentation/siltation Deforestation Water pollution;141
Monday, 05 January 2026;-3.61426;29.347057;27;Primary education;Crop agriculture;Settlement expansion;Population pressure/growth;Water pollution Sedimentation/siltation Deforestation;142
Monday, 05 January 2026;-3.61426;29.347057;35;Tertiary education;Crop agriculture;Settlement expansion;Population pressure/growth;Climate change impacts Deforestation Sedimentation/siltation Waste dumping;143
Monday, 05 January 2026;-3.61426;29.347057;31;Secondary education;Wage labor;Forest loss/deforestation;Population pressure/growth;Climate change impacts Waste dumping Water pollution;144
Monday, 05 January 2026;-3.61426;29.347057;27;Tertiary education;Wage labor;Settlement expansion;Population pressure/growth;Climate change impacts Water pollution Waste dumping;145
Monday, 05 January 2026;-3.61426;29.347057;36;Secondary education;Wage labor;Settlement expansion;Population pressure/growth;Climate change impacts Deforestation Sedimentation/siltation Water pollution;146
Monday, 05 January 2026;-3.61426;29.347057;28;Secondary education;Crop agriculture;Forest loss/deforestation;Population pressure/growth;Deforestation Climate change impacts Waste dumping Water pollution;147
Monday, 05 January 2026;-3.61426;29.347057;27;Secondary education;Crop agriculture;Forest loss/deforestation;Population pressure/growth;Deforestation Climate change impacts Sedimentation/siltation Water pollution;148
Monday, 05 January 2026;-3.61426;29.347057;39;Tertiary education;Wage labor;Settlement expansion;Population pressure/growth;Climate change impacts Waste dumping Deforestation Soil erosion Sedimentation/siltation Water pollution;149
Monday, 05 January 2026;-3.61426;29.347057;24;Primary education;Crop agriculture;Forest loss/deforestation;Population pressure/growth;Deforestation Sedimentation/siltation;150
Monday, 05 January 2026;-3.61426;29.347057;38;Secondary education;Trade/commerce;Forest loss/deforestation;Population pressure/growth;Sedimentation/siltation Deforestation Climate change impacts;151
Monday, 05 January 2026;-3.347422;29.296786;38;Tertiary education;Wage labor;Settlement expansion;Population pressure/growth;Climate change impacts Deforestation Sedimentation/siltation Water pollution;152
Monday, 05 January 2026;-3.347422;29.296786;38;Tertiary education;Wage labor;Forest loss/deforestation;Population pressure/growth;Climate change impacts Sedimentation/siltation;153
Monday, 05 January 2026;-3.347422;29.296786;57;No formal schooling;Crop agriculture;Forest loss/deforestation;Agricultural expansion;Sedimentation/siltation Climate change impacts;154
Monday, 05 January 2026;-3.347422;29.296786;76;Secondary education;Trade/commerce;Forest loss/deforestation;Poverty/livelihood needs;Climate change impacts Deforestation Sedimentation/siltation Soil erosion;155
Monday, 05 January 2026;-3.347422;29.296786;32;Tertiary education;Wage labor;Forest loss/deforestation;Population pressure/growth;Sedimentation/siltation;156
Monday, 05 January 2026;-3.347422;29.296786;36;Tertiary education;Wage labor;Settlement expansion;Population pressure/growth;Climate change impacts Deforestation Sedimentation/siltation;157
Monday, 05 January 2026;-3.347422;29.296786;31;Tertiary education;Wage labor;Forest loss/deforestation;Population pressure/growth;Sedimentation/siltation Deforestation;158
Monday, 05 January 2026;-3.347422;29.296786;52;No formal schooling;Crop agriculture;Agricultural expansion;Agricultural expansion;Deforestation Sedimentation/siltation;159
Monday, 05 January 2026;-3.347422;29.296786;27;Tertiary education;Crop agriculture;Wetland degradation/drainage;Population pressure/growth;Deforestation Sedimentation/siltation;160
Monday, 05 January 2026;-3.347422;29.296786;56;No formal schooling;Crop agriculture;Forest loss/deforestation;Population pressure/growth;Climate change impacts Sedimentation/siltation Soil erosion Deforestation;161
Monday, 05 January 2026;-3.347422;29.296786;27;Primary education;Crop agriculture;Forest loss/deforestation;Agricultural expansion;Deforestation Soil erosion Sedimentation/siltation;162
Monday, 05 January 2026;-3.450376;29.344986;38;Tertiary education;Wage labor;Settlement expansion;Population pressure/growth;Waste dumping Water pollution Deforestation;163
Monday, 05 January 2026;-3.450376;29.344986;35;Tertiary education;Wage labor;Forest loss/deforestation;Population pressure/growth;Climate change impacts Sedimentation/siltation Deforestation;164
Monday, 05 January 2026;-3.450376;29.344986;52;Secondary education;Crop agriculture;Settlement expansion;Population pressure/growth;Climate change impacts;165
Monday, 05 January 2026;-3.450376;29.344986;36;Tertiary education;Wage labor;Settlement expansion;Population pressure/growth;Climate change impacts Sedimentation/siltation Deforestation;166
Monday, 05 January 2026;-3.450376;29.344986;39;No formal schooling;Fishing;Forest loss/deforestation;Population pressure/growth;Climate change impacts Deforestation Soil erosion Sedimentation/siltation Water pollution Waste dumping;167
Monday, 05 January 2026;-3.450376;29.344986;27;Tertiary education;Fishing;Forest loss/deforestation;Population pressure/growth;Waste dumping Climate change impacts Deforestation Soil erosion Sedimentation/siltation Water pollution;168
Monday, 05 January 2026;-3.450376;29.344986;38;Tertiary education;Wage labor;Settlement expansion;Population pressure/growth;Climate change impacts Waste dumping Deforestation Soil erosion Sedimentation/siltation Water pollution;169
Monday, 05 January 2026;-3.450376;29.344986;56;No formal schooling;Crop agriculture;Forest loss/deforestation;Population pressure/growth;Climate change impacts Waste dumping Overfishing Sedimentation/siltation Soil erosion Deforestation;170
Monday, 05 January 2026;-3.450376;29.344986;35;Tertiary education;Wage labor;Settlement expansion;Population pressure/growth;Climate change impacts Overgrazing Waste dumping Soil erosion Sedimentation/siltation Deforestation Overfishing;171
Monday, 05 January 2026;-3.450376;29.344986;27;Tertiary education;Wage labor;Settlement expansion;Population pressure/growth;Climate change impacts Deforestation Soil erosion Sedimentation/siltation Overfishing Soil pollution;172
Monday, 05 January 2026;-3.450376;29.344986;36;Primary education;Fishing;Forest loss/deforestation;Poverty/livelihood needs;Overfishing Climate change impacts;173
Monday, 05 January 2026;-4.091927;29.488244;65;Secondary education;Crop agriculture;Agricultural expansion;Poverty/livelihood needs;Climate change impacts Waste dumping;174
Monday, 05 January 2026;-4.091927;29.488244;53;Secondary education;Wage labor;Forest loss/deforestation;Population pressure/growth;Sedimentation/siltation;175
Monday, 05 January 2026;-4.091927;29.488244;36;Tertiary education;Wage labor;Forest loss/deforestation;Population pressure/growth;Sedimentation/siltation Climate change impacts;176
Monday, 05 January 2026;-4.091927;29.488244;51;No formal schooling;Crop agriculture;Forest loss/deforestation;Population pressure/growth;Climate change impacts;177
Monday, 05 January 2026;-4.091927;29.488244;43;Tertiary education;Wage labor;Settlement expansion;Population pressure/growth;Deforestation Sedimentation/siltation Climate change impacts;178
Monday, 05 January 2026;-3.9045;29.40018;29;Secondary education;Fishing;Settlement expansion;Population pressure/growth;Sedimentation/siltation;179
Monday, 05 January 2026;-3.9045;29.40018;35;Primary education;Fishing;Settlement expansion;Population pressure/growth;Sedimentation/siltation;180
Monday, 05 January 2026;-3.9045;29.40018;67;No formal schooling;Crop agriculture;Forest loss/deforestation;Population pressure/growth;Sedimentation/siltation;181
Monday, 05 January 2026;-3.9045;29.40018;53;No formal schooling;Crop agriculture;Settlement expansion;Population pressure/growth;Climate change impacts Deforestation Sedimentation/siltation;182
Monday, 05 January 2026;-3.9045;29.40018;31;Secondary education;Trade/commerce;Settlement expansion;Population pressure/growth;Sedimentation/siltation Climate change impacts;183
Monday, 05 January 2026;-3.9045;29.40018;29;Primary education;Trade/commerce;Settlement expansion;Population pressure/growth;Sedimentation/siltation Soil erosion Deforestation;184
Monday, 05 January 2026;-3.9045;29.40018;35;Tertiary education;Wage labor;Settlement expansion;Population pressure/growth;Sedimentation/siltation Deforestation Climate change impacts;185
Monday, 05 January 2026;-3.9045;29.40018;69;No formal schooling;Crop agriculture;Forest loss/deforestation;Population pressure/growth;Sedimentation/siltation Soil erosion Deforestation;186
Monday, 05 January 2026;-3.9045;29.40018;75;No formal schooling;Crop agriculture;Forest loss/deforestation;Population pressure/growth;Deforestation Sedimentation/siltation;187
Monday, 05 January 2026;-3.9045;29.40018;63;No formal schooling;Crop agriculture;Settlement expansion;Population pressure/growth;Climate change impacts Invasive species Waste dumping Deforestation Soil erosion Water pollution;188
Monday, 05 January 2026;-3.973367;29.435162;74;No formal schooling;Crop agriculture;Forest loss/deforestation;Population pressure/growth;Climate change impacts Waste dumping Soil erosion Deforestation Sedimentation/siltation;189
Monday, 05 January 2026;-3.973367;29.435162;28;Secondary education;Wage labor;Settlement expansion;Population pressure/growth;Soil erosion Sedimentation/siltation Deforestation;190
Monday, 05 January 2026;-3.973367;29.435162;25;Secondary education;Trade/commerce;Settlement expansion;Population pressure/growth;Climate change impacts Waste dumping Deforestation Soil erosion Sedimentation/siltation Overfishing Soil pollution;191
Monday, 05 January 2026;-3.973367;29.435162;47;Tertiary education;Wage labor;Settlement expansion;Population pressure/growth;Water pollution Soil pollution Sedimentation/siltation Deforestation Waste dumping Climate change impacts;192
Monday, 05 January 2026;-3.973367;29.435162;25;Secondary education;Crop agriculture;Settlement expansion;Population pressure/growth;Water pollution Soil pollution Sedimentation/siltation Soil erosion Deforestation;193
Monday, 05 January 2026;-3.973367;29.435162;61;Primary education;Crop agriculture;Agricultural expansion;Poverty/livelihood needs;Soil pollution Sedimentation/siltation Soil erosion Waste dumping;194
Monday, 05 January 2026;-3.973367;29.435162;29;Secondary education;Fishing;Settlement expansion;Population pressure/growth;Climate change impacts Waste dumping Deforestation Soil erosion Sedimentation/siltation;195
Monday, 05 January 2026;-3.973367;29.435162;52;Tertiary education;Wage labor;Settlement expansion;Population pressure/growth;Sedimentation/siltation Soil erosion Deforestation Waste dumping Water pollution Climate change impacts;196
Monday, 05 January 2026;-3.973367;29.435162;27;Secondary education;Fishing;Settlement expansion;Population pressure/growth;Climate change impacts Waste dumping Water pollution Overfishing Sedimentation/siltation Soil erosion Deforestation;197
Monday, 05 January 2026;-3.973367;29.435162;28;Primary education;Fishing;Settlement expansion;Population pressure/growth;Climate change impacts Waste dumping Deforestation Soil erosion Sedimentation/siltation Water pollution Overfishing;198
Monday, 05 January 2026;-3.743876;29.327498;32;Primary education;Fishing;Settlement expansion;Population pressure/growth;Sedimentation/siltation Soil erosion Deforestation Climate change impacts Waste dumping;199
Monday, 05 January 2026;-3.743876;29.327498;31;Tertiary education;Wage labor;Settlement expansion;Population pressure/growth;Waste dumping Climate change impacts Deforestation Soil erosion Sedimentation/siltation Water pollution;200
Monday, 05 January 2026;-3.743876;29.327498;61;Tertiary education;Crop agriculture;Forest loss/deforestation;Population pressure/growth;Overfishing Water pollution Soil pollution Sedimentation/siltation Soil erosion Invasive species Waste dumping Deforestation Climate change impacts;201
Monday, 05 January 2026;-3.743876;29.327498;63;No formal schooling;Wage labor;Settlement expansion;Population pressure/growth;Soil pollution Sedimentation/siltation Soil erosion Deforestation Invasive species Climate change impacts;202
Monday, 05 January 2026;-3.743876;29.327498;53;Primary education;Crop agriculture;Wetland degradation/drainage;Agricultural expansion;Climate change impacts Soil pollution Sedimentation/siltation Soil erosion Deforestation;203
Monday, 05 January 2026;-3.743876;29.327498;55;Primary education;Crop agriculture;Agricultural expansion;Population pressure/growth;Deforestation Soil erosion Sedimentation/siltation Climate change impacts;204
Monday, 05 January 2026;-3.743876;29.327498;57;Primary education;Crop agriculture;Forest loss/deforestation;Population pressure/growth;Sedimentation/siltation Soil erosion Deforestation Climate change impacts;205
Monday, 05 January 2026;-3.743876;29.327498;59;Secondary education;Crop agriculture;Forest loss/deforestation;Population pressure/growth;Deforestation Soil erosion Sedimentation/siltation Soil pollution;206
Monday, 05 January 2026;-3.743876;29.327498;61;No formal schooling;Crop agriculture;Agricultural expansion;Agricultural expansion;Sedimentation/siltation Soil erosion Deforestation Climate change impacts;207
Monday, 05 January 2026;-3.743876;29.327498;63;No formal schooling;Crop agriculture;Forest loss/deforestation;Population pressure/growth;Soil erosion Sedimentation/siltation Deforestation;208
Monday, 05 January 2026;-3.743876;29.327498;65;No formal schooling;Crop agriculture;Agricultural expansion;Population pressure/growth;Deforestation Soil erosion Sedimentation/siltation Climate change impacts;209
Wednesday, 14 January 2026;-3.829964641;30.07937414;61;Tertiary education;Crop agriculture;Forest loss/deforestation;Population pressure/growth;Overfishing Water pollution Waste dumping Soil erosion Agricultural chemicals;210
Wednesday, 14 January 2026;-3.829964641;30.07937414;61;Primary education;Crop agriculture;Forest loss/deforestation;Agricultural expansion;Agricultural chemicals Deforestation;211
Wednesday, 14 January 2026;-3.829964641;30.07937414;65;Primary education;Crop agriculture;Forest loss/deforestation;Population pressure/growth;Deforestation;212
Wednesday, 14 January 2026;-3.829964641;30.07937414;67;Primary education;Crop agriculture;Forest loss/deforestation;Agricultural expansion;Deforestation;213
Wednesday, 14 January 2026;-3.829964641;30.07937414;69;Primary education;Crop agriculture;Forest loss/deforestation;Population pressure/growth;Deforestation;214
Wednesday, 14 January 2026;-3.829964641;30.07937414;71;Primary education;Crop agriculture;Forest loss/deforestation;Population pressure/growth;Deforestation;215
Wednesday, 14 January 2026;-3.829964641;30.07937414;47;Primary education;Crop agriculture;Forest loss/deforestation;Population pressure/growth;Deforestation;216
Wednesday, 14 January 2026;-3.829964641;30.07937414;51;Primary education;Crop agriculture;Forest loss/deforestation;Agricultural expansion;Deforestation;217
Wednesday, 14 January 2026;-3.829964641;30.07937414;39;No formal schooling;Crop agriculture;Forest loss/deforestation;Agricultural expansion;Deforestation;218
Wednesday, 14 January 2026;-3.829964641;30.07937414;65;Primary education;Crop agriculture;Forest loss/deforestation;Agricultural expansion;Deforestation;219
Wednesday, 14 January 2026;-3.829964641;30.07937414;26;Primary education;Crop agriculture;Forest loss/deforestation;Population pressure/growth;Deforestation;220
Wednesday, 14 January 2026;-3.829964641;30.07937414;27;Secondary education;Crop agriculture;Forest loss/deforestation;Population pressure/growth;Deforestation;221
Wednesday, 14 January 2026;-3.829964641;30.07937414;33;Primary education;Crop agriculture;Forest loss/deforestation;Population pressure/growth;Deforestation;222
Wednesday, 14 January 2026;-3.829964641;30.07937414;23;No formal schooling;Crop agriculture;Forest loss/deforestation;Agricultural expansion;Deforestation;223
Wednesday, 14 January 2026;-3.829964641;30.07937414;36;No formal schooling;Crop agriculture;Forest loss/deforestation;Agricultural expansion;Deforestation;224
Wednesday, 14 January 2026;-3.829964641;30.07937414;51;Primary education;Crop agriculture;Forest loss/deforestation;Population pressure/growth;Deforestation;225
Wednesday, 14 January 2026;-3.829964641;30.07937414;27;Secondary education;Crop agriculture;Agricultural expansion;Poverty/livelihood needs;Overgrazing Soil erosion Water pollution Fire Sedimentation/siltation Deforestation;226
Wednesday, 14 January 2026;-3.829964641;30.07937414;31;Primary education;Crop agriculture;Forest loss/deforestation;Agricultural expansion;Sedimentation/siltation Invasive species Soil erosion;227
Wednesday, 14 January 2026;-3.829964641;30.07937414;37;Primary education;Crop agriculture;Agricultural expansion;Population pressure/growth;Agricultural chemicals Soil pollution Deforestation;228
Wednesday, 14 January 2026;-3.829964641;30.07937414;37;No formal schooling;Crop agriculture;Agricultural expansion;Population pressure/growth;Sedimentation/siltation Water pollution Deforestation;229
Wednesday, 14 January 2026;-2.893573456;29.48137626;23;Primary education;Crop agriculture;Agricultural expansion;Population pressure/growth;Soil pollution Sedimentation/siltation Deforestation;230
Wednesday, 14 January 2026;-2.893573456;29.48137626;28;No formal schooling;Crop agriculture;Agricultural expansion;Population pressure/growth;Soil erosion Agricultural chemicals Climate change impacts;231
Wednesday, 14 January 2026;-2.893573456;29.48137626;24;Primary education;Crop agriculture;Agricultural expansion;Population pressure/growth;Soil pollution Sedimentation/siltation Soil erosion;232
Wednesday, 14 January 2026;-2.893573456;29.48137626;61;Secondary education;Crop agriculture;Forest loss/deforestation;Population pressure/growth;Soil pollution Soil erosion Sedimentation/siltation;233
Wednesday, 14 January 2026;-2.893573456;29.48137626;57;Primary education;Crop agriculture;Forest loss/deforestation;Population pressure/growth;Sedimentation/siltation Soil erosion Deforestation Water pollution;234
Wednesday, 14 January 2026;-2.893573456;29.48137626;53;Primary education;Crop agriculture;Wetland degradation/drainage;Population pressure/growth;Sedimentation/siltation Fire Deforestation;235
Wednesday, 14 January 2026;-2.893573456;29.48137626;49;Primary education;Crop agriculture;Forest loss/deforestation;Population pressure/growth;Invasive species Soil erosion Soil pollution;236
Wednesday, 14 January 2026;-2.893573456;29.48137626;45;Primary education;Crop agriculture;Agricultural expansion;Population pressure/growth;Soil pollution Deforestation Sedimentation/siltation;237
Wednesday, 14 January 2026;-2.893573456;29.48137626;41;Primary education;Crop agriculture;Agricultural expansion;Agricultural expansion;Deforestation Soil pollution Sedimentation/siltation;238
Wednesday, 14 January 2026;-2.893573456;29.48137626;37;Primary education;Crop agriculture;Forest loss/deforestation;Population pressure/growth;Water pollution;239
Wednesday, 14 January 2026;-2.893573456;29.48137626;33;No formal schooling;Crop agriculture;Forest loss/deforestation;Agricultural expansion;Water pollution;240
Wednesday, 14 January 2026;-2.893573456;29.48137626;29;Primary education;Crop agriculture;Forest loss/deforestation;Population pressure/growth;Water pollution;241
Wednesday, 14 January 2026;-2.893573456;29.48137626;67;Primary education;Crop agriculture;Forest loss/deforestation;Agricultural expansion;Water pollution;242
Wednesday, 14 January 2026;-2.893573456;29.48137626;61;No formal schooling;Crop agriculture;Forest loss/deforestation;Agricultural expansion;Water pollution;243
Wednesday, 14 January 2026;-2.893573456;29.48137626;55;Primary education;Crop agriculture;Forest loss/deforestation;Agricultural expansion;Water pollution;244
Wednesday, 14 January 2026;-2.893573456;29.48137626;49;Primary education;Crop agriculture;Forest loss/deforestation;Population pressure/growth;Water pollution;245
Wednesday, 14 January 2026;-2.893573456;29.48137626;43;No formal schooling;Crop agriculture;Agricultural expansion;Agricultural expansion;Water pollution Sedimentation/siltation Soil pollution;246
Wednesday, 14 January 2026;-2.893573456;29.48137626;37;Secondary education;Crop agriculture;Agricultural expansion;Population pressure/growth;Soil pollution Soil erosion Waste dumping Fire;247
Wednesday, 14 January 2026;-2.893573456;29.48137626;31;Secondary education;Crop agriculture;Agricultural expansion;Population pressure/growth;Waste dumping Fire Soil erosion;248
Wednesday, 14 January 2026;-3.901449051;30.12897436;35;No formal schooling;Crop agriculture;Agricultural expansion;Population pressure/growth;Waste dumping Soil erosion Fire;249
Wednesday, 14 January 2026;-3.901449051;30.12897436;43;Primary education;Crop agriculture;Forest loss/deforestation;Population pressure/growth;Soil pollution Soil erosion Waste dumping;250
Wednesday, 14 January 2026;-3.901449051;30.12897436;51;Secondary education;Crop agriculture;Forest loss/deforestation;Population pressure/growth;Deforestation Fire;251
Wednesday, 14 January 2026;-3.901449051;30.12897436;59;Secondary education;;Settlement expansion;Population pressure/growth;Deforestation Climate change impacts;252
Wednesday, 14 January 2026;-3.901449051;30.12897436;67;Primary education;;Forest loss/deforestation;Population pressure/growth;Deforestation Climate change impacts;253
Wednesday, 14 January 2026;-3.901449051;30.12897436;75;Secondary education;;Forest loss/deforestation;Population pressure/growth;Deforestation Climate change impacts;254
Wednesday, 14 January 2026;-3.901449051;30.12897436;61;Primary education;;Forest loss/deforestation;Population pressure/growth;Climate change impacts Fire Deforestation;255
Wednesday, 14 January 2026;-3.901449051;30.12897436;47;Secondary education;;Settlement expansion;Agricultural expansion;Deforestation;256
Wednesday, 14 January 2026;-3.901449051;30.12897436;53;Secondary education;;Settlement expansion;Agricultural expansion;Water pollution;257
Wednesday, 14 January 2026;-3.901449051;30.12897436;51;Primary education;;Forest loss/deforestation;Agricultural expansion;Deforestation;258
Wednesday, 14 January 2026;-3.901449051;30.12897436;33;Secondary education;;Forest loss/deforestation;Population pressure/growth;Climate change impacts Sedimentation/siltation Soil erosion Deforestation;259
Wednesday, 14 January 2026;-3.901449051;30.12897436;47;Primary education;;Settlement expansion;Population pressure/growth;Deforestation Climate change impacts;260
Wednesday, 14 January 2026;-3.901449051;30.12897436;45;No formal schooling;Crop agriculture;Forest loss/deforestation;Population pressure/growth;Deforestation Climate change impacts;261
Wednesday, 14 January 2026;-3.901449051;30.12897436;37;Primary education;Crop agriculture;Forest loss/deforestation;Population pressure/growth;Deforestation Climate change impacts;262
Wednesday, 14 January 2026;-3.901449051;30.12897436;41;Primary education;Crop agriculture;Forest loss/deforestation;Population pressure/growth;Deforestation Soil erosion Sedimentation/siltation Climate change impacts;263
Wednesday, 14 January 2026;-3.901449051;30.12897436;39;Tertiary education;Crop agriculture;Forest loss/deforestation;Population pressure/growth;Soil erosion Sedimentation/siltation Deforestation Overgrazing Climate change impacts;264
Wednesday, 14 January 2026;-3.901449051;30.12897436;49;Secondary education;Crop agriculture;Forest loss/deforestation;Population pressure/growth;Deforestation Soil erosion Sedimentation/siltation Climate change impacts;265
Wednesday, 14 January 2026;-3.901449051;30.12897436;35;Primary education;Crop agriculture;Forest loss/deforestation;Population pressure/growth;Climate change impacts Fire Deforestation Soil erosion Sedimentation/siltation;266
Wednesday, 14 January 2026;-3.901449051;30.12897436;43;Primary education;Wage labor;Forest loss/deforestation;Population pressure/growth;Climate change impacts Fire Deforestation Soil erosion Sedimentation/siltation Overgrazing;267
Wednesday, 14 January 2026;-3.901449051;30.12897436;31;Primary education;Wage labor;Forest loss/deforestation;Population pressure/growth;Sedimentation/siltation Soil erosion Deforestation Climate change impacts Fire;268
Wednesday, 14 January 2026;-3.78536132;30.16473854;61;No formal schooling;Crop agriculture;Forest loss/deforestation;Population pressure/growth;Climate change impacts Fire Soil erosion Sedimentation/siltation Deforestation;269
Wednesday, 14 January 2026;-3.78536132;30.16473854;61;Secondary education;Wage labor;Forest loss/deforestation;Population pressure/growth;Soil erosion Sedimentation/siltation Deforestation Climate change impacts Fire;270
Wednesday, 14 January 2026;-3.78536132;30.16473854;61;No formal schooling;Fishing;Forest loss/deforestation;Population pressure/growth;Climate change impacts Fire Deforestation Soil erosion;271
Wednesday, 14 January 2026;-3.78536132;30.16473854;61;Secondary education;Fishing;Forest loss/deforestation;Population pressure/growth;Climate change impacts Deforestation;272
Wednesday, 14 January 2026;-3.78536132;30.16473854;61;Tertiary education;Wage labor;Forest loss/deforestation;Population pressure/growth;Deforestation Fire Climate change impacts;273
Wednesday, 14 January 2026;-3.78536132;30.16473854;61;Primary education;Crop agriculture;Settlement expansion;Climate variability;Water pollution;274
Wednesday, 14 January 2026;-3.78536132;30.16473854;61;No formal schooling;Wage labor;Forest loss/deforestation;Population pressure/growth;Water pollution;275
Wednesday, 14 January 2026;-3.78536132;30.16473854;61;Secondary education;Wage labor;Forest loss/deforestation;Agricultural expansion;Water pollution;276
Wednesday, 14 January 2026;-3.78536132;30.16473854;61;No formal schooling;Fishing;Settlement expansion;Population pressure/growth;Water pollution;277
Wednesday, 14 January 2026;-3.78536132;30.16473854;61;Primary education;Crop agriculture;Settlement expansion;Agricultural expansion;Water pollution;278
Wednesday, 14 January 2026;-3.78536132;30.16473854;61;No formal schooling;Wage labor;Agricultural expansion;Population pressure/growth;Water pollution;279
Wednesday, 14 January 2026;-3.78536132;30.16473854;61;Primary education;Wage labor;Settlement expansion;Agricultural expansion;Water pollution;280
Wednesday, 14 January 2026;-3.78536132;30.16473854;61;Primary education;Crop agriculture;Settlement expansion;Population pressure/growth;Water pollution;281
Wednesday, 14 January 2026;-3.78536132;30.16473854;61;Primary education;Wage labor;Agricultural expansion;Population pressure/growth;Water pollution;282
Wednesday, 14 January 2026;-3.78536132;30.16473854;61;No formal schooling;Fishing;Agricultural expansion;Population pressure/growth;Water pollution;283
Wednesday, 14 January 2026;-3.78536132;30.16473854;61;No formal schooling;Fishing;Agricultural expansion;Agricultural expansion;Water pollution;284
Wednesday, 14 January 2026;-3.78536132;30.16473854;61;Tertiary education;Crop agriculture;Agricultural expansion;Population pressure/growth;Water pollution;285
Wednesday, 14 January 2026;-3.78536132;30.16473854;61;Secondary education;Crop agriculture;Agricultural expansion;Agricultural expansion;Water pollution;286
Wednesday, 14 January 2026;-3.78536132;30.16473854;56;Secondary education;Trade/commerce;Settlement expansion;Population pressure/growth;Waste dumping Sedimentation/siltation Deforestation Water pollution;287
Wednesday, 14 January 2026;-3.78536132;30.16473854;42;Primary education;Trade/commerce;Settlement expansion;Population pressure/growth;Sedimentation/siltation Invasive species Fire;288
Wednesday, 14 January 2026;-3.440585;30.410628;27;Tertiary education;Wage labor;Settlement expansion;Population pressure/growth;Sedimentation/siltation Deforestation Waste dumping;289
Wednesday, 14 January 2026;-3.440585;30.410628;72;Primary education;Crop agriculture;Settlement expansion;Population pressure/growth;Sedimentation/siltation Soil pollution Deforestation;290
Wednesday, 14 January 2026;-3.440585;30.410628;24;Tertiary education;Crop agriculture;Agricultural expansion;Population pressure/growth;Deforestation Fire Sedimentation/siltation;291
Wednesday, 14 January 2026;-3.440585;30.410628;51;Secondary education;Crop agriculture;Settlement expansion;Population pressure/growth;Sedimentation/siltation Waste dumping Deforestation;292
Wednesday, 14 January 2026;-3.440585;30.410628;34;Primary education;Crop agriculture;Agricultural expansion;Population pressure/growth;Sedimentation/siltation Invasive species Overgrazing;293
Wednesday, 14 January 2026;-3.440585;30.410628;31;No formal schooling;Wage labor;Agricultural expansion;Population pressure/growth;Soil pollution Sedimentation/siltation Waste dumping;294
Wednesday, 14 January 2026;-3.440585;30.410628;35;Primary education;Trade/commerce;Settlement expansion;Population pressure/growth;Sedimentation/siltation Water pollution Waste dumping;295
Wednesday, 14 January 2026;-3.440585;30.410628;56;Secondary education;Wage labor;Forest loss/deforestation;Population pressure/growth;Sedimentation/siltation Waste dumping Fire;296
Wednesday, 14 January 2026;-3.440585;30.410628;28;Primary education;Crop agriculture;Settlement expansion;Population pressure/growth;Sedimentation/siltation Soil erosion Waste dumping;297
Wednesday, 14 January 2026;-3.440585;30.410628;44;No formal schooling;Crop agriculture;Settlement expansion;Population pressure/growth;Fire Deforestation Soil erosion;298
Thursday, 15 January 2026;-4.061245;29.740373;36;No formal schooling;Crop agriculture;Forest loss/deforestation;Population pressure/growth;Climate change impacts Fire Sedimentation/siltation Soil erosion Deforestation;299
Thursday, 15 January 2026;-4.061245;29.740373;50;Tertiary education;Wage labor;Forest loss/deforestation;Population pressure/growth;Climate change impacts Fire Deforestation;300
Thursday, 15 January 2026;-4.061245;29.740373;25;Secondary education;Crop agriculture;Forest loss/deforestation;Agricultural expansion;Climate change impacts Sedimentation/siltation Soil erosion;301
Thursday, 15 January 2026;-4.061245;29.740373;26;No formal schooling;Crop agriculture;Forest loss/deforestation;Agricultural expansion;Climate change impacts Soil erosion;302
Thursday, 15 January 2026;-4.061245;29.740373;29;Primary education;Crop agriculture;Settlement expansion;Population pressure/growth;Climate change impacts Waste dumping Soil erosion;303
Thursday, 15 January 2026;-4.061245;29.740373;27;Secondary education;Wage labor;Settlement expansion;Population pressure/growth;Deforestation Soil erosion Sedimentation/siltation Invasive species Climate change impacts Waste dumping;304
Thursday, 15 January 2026;-4.061245;29.740373;47;Secondary education;Crop agriculture;Settlement expansion;Population pressure/growth;Water pollution Deforestation Climate change impacts;305
Thursday, 15 January 2026;-4.061245;29.740373;30;Secondary education;Crop agriculture;Settlement expansion;Population pressure/growth;Climate change impacts Waste dumping Deforestation Soil erosion Sedimentation/siltation;306
Thursday, 15 January 2026;-4.061245;29.740373;32;No formal schooling;Crop agriculture;Forest loss/deforestation;Climate variability;Climate change impacts Deforestation Soil erosion Sedimentation/siltation Overfishing;307
Thursday, 15 January 2026;-4.061245;29.740373;30;No formal schooling;Crop agriculture;Forest loss/deforestation;Population pressure/growth;Climate change impacts Deforestation Soil erosion Sedimentation/siltation Overfishing;308
Thursday, 15 January 2026;-4.348447;29.595195;67;Primary education;Crop agriculture;Forest loss/deforestation;Population pressure/growth;Climate change impacts Waste dumping Soil erosion Sedimentation/siltation Overfishing;309
Thursday, 15 January 2026;-4.348447;29.595195;25;Primary education;Crop agriculture;Wetland degradation/drainage;Agricultural expansion;Climate change impacts Deforestation Soil erosion Sedimentation/siltation Overfishing;310
Thursday, 15 January 2026;-4.348447;29.595195;27;Primary education;Crop agriculture;Forest loss/deforestation;Population pressure/growth;Sedimentation/siltation Soil erosion Deforestation Climate change impacts;311
Thursday, 15 January 2026;-4.348447;29.595195;72;No formal schooling;Crop agriculture;Settlement expansion;Population pressure/growth;Climate change impacts Deforestation Sedimentation/siltation Soil erosion;312
Thursday, 15 January 2026;-4.348447;29.595195;24;Secondary education;Crop agriculture;Forest loss/deforestation;Agricultural expansion;Climate change impacts Sedimentation/siltation Soil erosion Deforestation;313
Thursday, 15 January 2026;-4.348447;29.595195;51;Primary education;Crop agriculture;Forest loss/deforestation;Population pressure/growth;Climate change impacts Sedimentation/siltation;314
Thursday, 15 January 2026;-4.348447;29.595195;34;Secondary education;Crop agriculture;Forest loss/deforestation;Population pressure/growth;Climate change impacts Soil erosion Sedimentation/siltation Deforestation;315
Thursday, 15 January 2026;-4.348447;29.595195;31;Primary education;Crop agriculture;Forest loss/deforestation;Population pressure/growth;Climate change impacts Sedimentation/siltation Soil erosion Deforestation;316
Thursday, 15 January 2026;-4.348447;29.595195;35;Secondary education;Wage labor;Forest loss/deforestation;Population pressure/growth;Climate change impacts Sedimentation/siltation Deforestation;317
Thursday, 15 January 2026;-4.348447;29.595195;56;Primary education;Trade/commerce;Forest loss/deforestation;Population pressure/growth;Climate change impacts Deforestation Soil erosion Sedimentation/siltation;318
Thursday, 15 January 2026;-4.407072;29.666069;28;Secondary education;Wage labor;Forest loss/deforestation;Population pressure/growth;Climate change impacts Deforestation Sedimentation/siltation;319
Thursday, 15 January 2026;-4.407072;29.666069;44;Secondary education;Crop agriculture;Forest loss/deforestation;Agricultural expansion;Climate change impacts Deforestation Sedimentation/siltation Soil erosion;320
Thursday, 15 January 2026;-4.407072;29.666069;36;Primary education;Crop agriculture;Forest loss/deforestation;Population pressure/growth;Climate change impacts Sedimentation/siltation Deforestation Soil erosion;321
Thursday, 15 January 2026;-4.407072;29.666069;50;Secondary education;Trade/commerce;Forest loss/deforestation;Population pressure/growth;Climate change impacts Deforestation Soil erosion Sedimentation/siltation;322
Thursday, 15 January 2026;-4.407072;29.666069;25;Primary education;Crop agriculture;Forest loss/deforestation;Population pressure/growth;Sedimentation/siltation Soil erosion Climate change impacts Deforestation;323
Thursday, 15 January 2026;-4.407072;29.666069;26;No formal schooling;Crop agriculture;Forest loss/deforestation;Population pressure/growth;Climate change impacts Soil erosion Deforestation Sedimentation/siltation;324
Thursday, 15 January 2026;-4.407072;29.666069;29;Primary education;Crop agriculture;Settlement expansion;Population pressure/growth;Climate change impacts Soil erosion Sedimentation/siltation Deforestation;325
Thursday, 15 January 2026;-4.407072;29.666069;27;Primary education;Crop agriculture;Wetland degradation/drainage;Population pressure/growth;Sedimentation/siltation Climate change impacts Deforestation;326
Thursday, 15 January 2026;-4.407072;29.666069;47;Tertiary education;Wage labor;Forest loss/deforestation;Population pressure/growth;Sedimentation/siltation Climate change impacts;327
Thursday, 15 January 2026;-4.407072;29.666069;30;Secondary education;Wage labor;Forest loss/deforestation;Population pressure/growth;Water pollution Sedimentation/siltation Climate change impacts;328
Thursday, 15 January 2026;-3.852099;29.365362;32;Primary education;Crop agriculture;Settlement expansion;Population pressure/growth;Climate change impacts Waste dumping Deforestation Sedimentation/siltation Water pollution;329
Thursday, 15 January 2026;-3.852099;29.365362;30;Primary education;Trade/commerce;Settlement expansion;Population pressure/growth;Sedimentation/siltation Deforestation Waste dumping Climate change impacts;330
Thursday, 15 January 2026;-3.852099;29.365362;67;Primary education;Crop agriculture;Settlement expansion;Population pressure/growth;Sedimentation/siltation Deforestation Climate change impacts Waste dumping Water pollution;331
Thursday, 15 January 2026;-3.852099;29.365362;25;Secondary education;Wage labor;Settlement expansion;Population pressure/growth;Climate change impacts Deforestation Waste dumping;332
Thursday, 15 January 2026;-3.852099;29.365362;27;No formal schooling;Fishing;Settlement expansion;Population pressure/growth;Waste dumping Climate change impacts Deforestation Sedimentation/siltation Water pollution;333
Thursday, 15 January 2026;-3.852099;29.365362;36;Secondary education;Fishing;Settlement expansion;Population pressure/growth;Climate change impacts Deforestation Water pollution;334
Thursday, 15 January 2026;-3.852099;29.365362;28;Tertiary education;Wage labor;Forest loss/deforestation;Population pressure/growth;Deforestation Water pollution Overfishing;335
Thursday, 15 January 2026;-3.852099;29.365362;27;Primary education;Crop agriculture;Settlement expansion;Population pressure/growth;Water pollution Deforestation;336
Thursday, 15 January 2026;-3.852099;29.365362;39;No formal schooling;Crop agriculture;Forest loss/deforestation;Population pressure/growth;Water pollution Climate change impacts Deforestation;337
Thursday, 15 January 2026;-3.852099;29.365362;24;Secondary education;Wage labor;Settlement expansion;Population pressure/growth;Climate change impacts Waste dumping Deforestation Sedimentation/siltation Water pollution;338
Thursday, 15 January 2026;-4.091927;29.488244;38;No formal schooling;Fishing;Settlement expansion;Population pressure/growth;Water pollution Sedimentation/siltation Deforestation;339
Thursday, 15 January 2026;-4.091927;29.488244;38;Primary education;Crop agriculture;Settlement expansion;Population pressure/growth;Climate change impacts Waste dumping Sedimentation/siltation Deforestation;340
Thursday, 15 January 2026;-4.091927;29.488244;38;No formal schooling;Crop agriculture;Settlement expansion;Population pressure/growth;Waste dumping Sedimentation/siltation Deforestation Water pollution;341
Thursday, 15 January 2026;-4.091927;29.488244;57;Primary education;Trade/commerce;Settlement expansion;Population pressure/growth;Water pollution Sedimentation/siltation Deforestation;342
Thursday, 15 January 2026;-4.091927;29.488244;76;Primary education;Crop agriculture;Settlement expansion;Population pressure/growth;Climate change impacts Deforestation Sedimentation/siltation Waste dumping;343
Thursday, 15 January 2026;-3.723572;29.313104;32;Primary education;Crop agriculture;Forest loss/deforestation;Population pressure/growth;Climate change impacts Waste dumping Water pollution;344
Thursday, 15 January 2026;-3.723572;29.313104;36;No formal schooling;Crop agriculture;Settlement expansion;Population pressure/growth;Climate change impacts Water pollution Waste dumping;345
Thursday, 15 January 2026;-3.723572;29.313104;31;No formal schooling;Fishing;Settlement expansion;Population pressure/growth;Climate change impacts Deforestation Sedimentation/siltation Water pollution;346
Thursday, 15 January 2026;-3.723572;29.313104;52;Tertiary education;Wage labor;Forest loss/deforestation;Population pressure/growth;Deforestation Climate change impacts Waste dumping Water pollution;347
Thursday, 15 January 2026;-3.723572;29.313104;27;Secondary education;Crop agriculture;Forest loss/deforestation;Population pressure/growth;Deforestation Climate change impacts Sedimentation/siltation Water pollution;348
Thursday, 15 January 2026;-3.723572;29.313104;56;Secondary education;Trade/commerce;Settlement expansion;Population pressure/growth;Climate change impacts Waste dumping Deforestation Soil erosion Sedimentation/siltation Water pollution;349
Thursday, 15 January 2026;-3.723572;29.313104;27;Primary education;Trade/commerce;Forest loss/deforestation;Population pressure/growth;Deforestation Sedimentation/siltation;350
Thursday, 15 January 2026;-3.723572;29.313104;36;Tertiary education;Wage labor;Forest loss/deforestation;Population pressure/growth;Sedimentation/siltation Deforestation Climate change impacts;351
Thursday, 15 January 2026;-3.723572;29.313104;28;Primary education;Crop agriculture;Settlement expansion;Population pressure/growth;Climate change impacts Deforestation Sedimentation/siltation Water pollution;352
Thursday, 15 January 2026;-3.723572;29.313104;27;Tertiary education;Wage labor;Forest loss/deforestation;Population pressure/growth;Climate change impacts Sedimentation/siltation;353
Thursday, 15 January 2026;-3.723572;29.313104;39;Secondary education;Wage labor;Forest loss/deforestation;Agricultural expansion;Sedimentation/siltation Climate change impacts;354
Thursday, 15 January 2026;-3.572277;29.348953;24;Primary education;Crop agriculture;Forest loss/deforestation;Poverty/livelihood needs;Climate change impacts Deforestation Sedimentation/siltation Soil erosion;355
Thursday, 15 January 2026;-3.572277;29.348953;38;No formal schooling;Crop agriculture;Forest loss/deforestation;Population pressure/growth;Sedimentation/siltation;356
Thursday, 15 January 2026;-3.572277;29.348953;38;Primary education;Trade/commerce;Settlement expansion;Population pressure/growth;Climate change impacts Deforestation Sedimentation/siltation;357
Thursday, 15 January 2026;-3.572277;29.348953;38;Secondary education;Wage labor;Forest loss/deforestation;Population pressure/growth;Sedimentation/siltation Deforestation;358
Thursday, 15 January 2026;-3.572277;29.348953;57;Primary education;Crop agriculture;Agricultural expansion;Agricultural expansion;Deforestation Sedimentation/siltation;359
Thursday, 15 January 2026;-3.572277;29.348953;76;No formal schooling;Crop agriculture;Wetland degradation/drainage;Population pressure/growth;Deforestation Sedimentation/siltation;360
Thursday, 15 January 2026;-3.572277;29.348953;32;No formal schooling;Crop agriculture;Forest loss/deforestation;Population pressure/growth;Climate change impacts Sedimentation/siltation Soil erosion Deforestation;361
Thursday, 15 January 2026;-3.572277;29.348953;36;Tertiary education;Wage labor;Forest loss/deforestation;Agricultural expansion;Deforestation Soil erosion Sedimentation/siltation;362
Thursday, 15 January 2026;-3.572277;29.348953;31;Secondary education;Crop agriculture;Settlement expansion;Population pressure/growth;Waste dumping Water pollution Deforestation;363
Thursday, 15 January 2026;-3.572277;29.348953;52;No formal schooling;Crop agriculture;Forest loss/deforestation;Population pressure/growth;Climate change impacts Sedimentation/siltation Deforestation;364
Thursday, 15 January 2026;-3.572277;29.348953;27;Primary education;Crop agriculture;Settlement expansion;Population pressure/growth;Climate change impacts;365
Thursday, 15 January 2026;-4.233535;29.547556;56;Secondary education;Wage labor;Settlement expansion;Population pressure/growth;Climate change impacts Sedimentation/siltation Deforestation;366
Thursday, 15 January 2026;-4.233535;29.547556;61;Secondary education;Crop agriculture;Forest loss/deforestation;Population pressure/growth;Climate change impacts Deforestation Soil erosion Sedimentation/siltation Water pollution Waste dumping;367
Thursday, 15 January 2026;-4.233535;29.547556;29;Secondary education;Crop agriculture;Forest loss/deforestation;Population pressure/growth;Waste dumping Climate change impacts Deforestation Soil erosion Sedimentation/siltation Water pollution;368
Thursday, 15 January 2026;-4.233535;29.547556;40;No formal schooling;Crop agriculture;Settlement expansion;Population pressure/growth;Climate change impacts Waste dumping Deforestation Soil erosion Sedimentation/siltation Water pollution;369
Thursday, 15 January 2026;-4.233535;29.547556;51;No formal schooling;Crop agriculture;Forest loss/deforestation;Population pressure/growth;Climate change impacts Waste dumping Overfishing Sedimentation/siltation Soil erosion Deforestation;370
Thursday, 15 January 2026;-4.233535;29.547556;62;Primary education;Crop agriculture;Settlement expansion;Population pressure/growth;Climate change impacts Overgrazing Waste dumping Soil erosion Sedimentation/siltation Deforestation Overfishing;371
Thursday, 15 January 2026;-4.233535;29.547556;31;Primary education;Crop agriculture;Settlement expansion;Population pressure/growth;Climate change impacts Deforestation Soil erosion Sedimentation/siltation Overfishing Soil pollution;372
Thursday, 15 January 2026;-4.233535;29.547556;46;Primary education;Crop agriculture;Forest loss/deforestation;Poverty/livelihood needs;Overfishing Climate change impacts;373
Thursday, 15 January 2026;-4.233535;29.547556;60;No formal schooling;Crop agriculture;Agricultural expansion;Poverty/livelihood needs;Climate change impacts Waste dumping;374
Thursday, 15 January 2026;-4.233535;29.547556;76;Secondary education;Crop agriculture;Forest loss/deforestation;Population pressure/growth;Sedimentation/siltation;375
Thursday, 15 January 2026;-4.295385;29.568989;72;Primary education;Crop agriculture;Forest loss/deforestation;Population pressure/growth;Sedimentation/siltation Climate change impacts;376
Thursday, 15 January 2026;-4.295385;29.568989;68;Primary education;Trade/commerce;Forest loss/deforestation;Population pressure/growth;Climate change impacts;377
Thursday, 15 January 2026;-4.295385;29.568989;64;Primary education;Crop agriculture;Settlement expansion;Population pressure/growth;Deforestation Sedimentation/siltation Climate change impacts;378
Thursday, 15 January 2026;-4.295385;29.568989;62;Secondary education;Wage labor;Settlement expansion;Population pressure/growth;Sedimentation/siltation;379
Thursday, 15 January 2026;-4.295385;29.568989;56;Secondary education;Trade/commerce;Settlement expansion;Population pressure/growth;Sedimentation/siltation;380
Thursday, 15 January 2026;-4.295385;29.568989;52;Primary education;Crop agriculture;Forest loss/deforestation;Population pressure/growth;Sedimentation/siltation;381
Thursday, 15 January 2026;-4.295385;29.568989;48;Secondary education;Wage labor;Settlement expansion;Population pressure/growth;Climate change impacts Deforestation Sedimentation/siltation;382
Thursday, 15 January 2026;-4.295385;29.568989;44;Secondary education;Crop agriculture;Settlement expansion;Population pressure/growth;Sedimentation/siltation Climate change impacts;383
Thursday, 15 January 2026;-4.295385;29.568989;61;Primary education;Crop agriculture;Settlement expansion;Population pressure/growth;Sedimentation/siltation Soil erosion Deforestation;384
Thursday, 15 January 2026;-4.295385;29.568989;78;Primary education;Trade/commerce;Settlement expansion;Population pressure/growth;Sedimentation/siltation Deforestation Climate change impacts;385
;;;;;;;;;
;;;;;;;;;
;;;;;;;;;
;;;;;;;;;
;;;;;;;;;
;;;;;;;;;
;;;;;;;;;
;;;;;;;;;
;;;;;;;;;
;;;;;;;;;
;;;;;;;;;
;;;;;;;;;
;;;;;;;;;
;;;;;;;;;
;;;;;;;;;
;;;;;;;;;
;;;;;;;;;
;;;;;;;;;
;;;;;;;;;
;;;;;;;;;
;;;;;;;;;
;;;;;;;;;
;;;;;;;;;
;;;;;;;;;
;;;;;;;;;
;;;;;;;;;
